{
  "name": "Profile B",
  "created_at": "2025-12-10T20:31:54.209901",
  "sample_rate": 48000,
  "frame_size": 960,
  "hop_size": 480,
  "duration_s": 1.664,
  "f0_median_hz": 407.8108399098584,
  "f0_p05_hz": 364.358696286249,
  "f0_p95_hz": 474.4017926612908,
  "f0_std_log": 0.1081263649462369,
  "voiced_ratio": 0.1696969696969697,
  "envelope_fft_size": 512,
  "lpc_order": 16,
  "lpc_gain": 0.07548802052903024,
  "formant_f1_median": 1926.5152541329321,
  "formant_f2_median": 4095.584184026664,
  "formant_f3_median": 0.0
}