{
  "name": "Profile A",
  "created_at": "2025-12-10T20:58:38.774216",
  "sample_rate": 16000,
  "frame_size": 320,
  "hop_size": 160,
  "duration_s": 4.992,
  "f0_median_hz": 368.5469278641647,
  "f0_p05_hz": 266.59372340911534,
  "f0_p95_hz": 500.0,
  "f0_std_log": 0.2567783429599783,
  "voiced_ratio": 0.5180722891566265,
  "envelope_fft_size": 512,
  "lpc_order": 16,
  "lpc_gain": 0.06634759701011071,
  "formant_f1_median": 796.7070710161934,
  "formant_f2_median": 2252.147769111377,
  "formant_f3_median": 3209.8916315380984
}