{
  "name": "Profile A",
  "created_at": "2025-12-10T20:31:45.149089",
  "sample_rate": 48000,
  "frame_size": 960,
  "hop_size": 480,
  "duration_s": 1.664,
  "f0_median_hz": 365.2628067619733,
  "f0_p05_hz": 110.8232274609872,
  "f0_p95_hz": 473.36015349706724,
  "f0_std_log": 0.6322591301402457,
  "voiced_ratio": 0.18787878787878787,
  "envelope_fft_size": 512,
  "lpc_order": 16,
  "lpc_gain": 0.02187674425332842,
  "formant_f1_median": 1654.8505604676834,
  "formant_f2_median": 3667.636977880723,
  "formant_f3_median": 0.0
}