{
  "name": "Profile B",
  "created_at": "2025-12-08T19:23:24.639863",
  "sample_rate": 16000,
  "frame_size": 320,
  "hop_size": 160,
  "duration_s": 4.992,
  "f0_median_hz": 138.61390266972856,
  "f0_p05_hz": 108.42643765398664,
  "f0_p95_hz": 361.5844123656655,
  "f0_std_log": 0.5196440002269189,
  "voiced_ratio": 0.3895582329317269,
  "envelope_fft_size": 512,
  "lpc_order": 16,
  "lpc_gain": 0.009045106519258082,
  "formant_f1_median": 520.9602557070373,
  "formant_f2_median": 1720.9933045433875,
  "formant_f3_median": 2960.80227009626
}