{
  "name": "Profile A",
  "created_at": "2025-12-10T20:09:06.434524",
  "sample_rate": 16000,
  "frame_size": 320,
  "hop_size": 160,
  "duration_s": 4.992,
  "f0_median_hz": 117.62665460855183,
  "f0_p05_hz": 104.46726641009985,
  "f0_p95_hz": 157.82947131248653,
  "f0_std_log": 0.1734565263039348,
  "voiced_ratio": 0.21686746987951808,
  "envelope_fft_size": 512,
  "lpc_order": 16,
  "lpc_gain": 0.010296617028799398,
  "formant_f1_median": 610.6639841169936,
  "formant_f2_median": 1768.6160088095962,
  "formant_f3_median": 2865.068277340466
}