{
  "name": "Profile A",
  "created_at": "2025-12-10T12:34:39.236839",
  "sample_rate": 16000,
  "frame_size": 320,
  "hop_size": 160,
  "duration_s": 4.992,
  "f0_median_hz": 140.39122425998426,
  "f0_p05_hz": 108.96221875908194,
  "f0_p95_hz": 193.67867670109504,
  "f0_std_log": 0.23537586819364623,
  "voiced_ratio": 0.3132530120481928,
  "envelope_fft_size": 512,
  "lpc_order": 16,
  "lpc_gain": 0.011427162247234465,
  "formant_f1_median": 502.17706261425974,
  "formant_f2_median": 1821.5854753915307,
  "formant_f3_median": 2803.274074797654
}