{
  "name": "Profile A",
  "created_at": "2025-12-10T05:17:16.899289",
  "sample_rate": 16000,
  "frame_size": 320,
  "hop_size": 160,
  "duration_s": 4.992,
  "f0_median_hz": 129.74989366948734,
  "f0_p05_hz": 103.73513220130846,
  "f0_p95_hz": 162.53070679017827,
  "f0_std_log": 0.18331447593008776,
  "voiced_ratio": 0.25301204819277107,
  "envelope_fft_size": 512,
  "lpc_order": 16,
  "lpc_gain": 0.007054355723101917,
  "formant_f1_median": 642.5097615656388,
  "formant_f2_median": 1878.1224312526067,
  "formant_f3_median": 2755.0874682661038
}