{
  "name": "Profile B",
  "created_at": "2025-12-10T20:58:24.410296",
  "sample_rate": 16000,
  "frame_size": 320,
  "hop_size": 160,
  "duration_s": 4.992,
  "f0_median_hz": 140.13208878429802,
  "f0_p05_hz": 114.81628398586386,
  "f0_p95_hz": 169.86841513170467,
  "f0_std_log": 0.15991515890150346,
  "voiced_ratio": 0.3493975903614458,
  "envelope_fft_size": 512,
  "lpc_order": 16,
  "lpc_gain": 0.01770340734243076,
  "formant_f1_median": 512.0541679415614,
  "formant_f2_median": 2056.953473581214,
  "formant_f3_median": 2755.0944004571993
}