{
  "name": "Profile B",
  "created_at": "2025-12-10T20:09:15.429409",
  "sample_rate": 16000,
  "frame_size": 320,
  "hop_size": 160,
  "duration_s": 4.992,
  "f0_median_hz": 340.18656315793487,
  "f0_p05_hz": 260.286705741019,
  "f0_p95_hz": 489.7588471443906,
  "f0_std_log": 0.2590704757229485,
  "voiced_ratio": 0.5602409638554217,
  "envelope_fft_size": 512,
  "lpc_order": 16,
  "lpc_gain": 0.015411013777606421,
  "formant_f1_median": 627.6186074970549,
  "formant_f2_median": 1926.7276652218907,
  "formant_f3_median": 3353.8183702787937
}