{
  "name": "Profile B",
  "created_at": "2025-12-10T05:17:26.918515",
  "sample_rate": 16000,
  "frame_size": 320,
  "hop_size": 160,
  "duration_s": 4.992,
  "f0_median_hz": 398.12880503487713,
  "f0_p05_hz": 140.45310918960737,
  "f0_p95_hz": 500.0,
  "f0_std_log": 0.5527399102802917,
  "voiced_ratio": 0.45180722891566266,
  "envelope_fft_size": 512,
  "lpc_order": 16,
  "lpc_gain": 0.011047314144475982,
  "formant_f1_median": 700.0742448651782,
  "formant_f2_median": 2174.5761890093117,
  "formant_f3_median": 3578.6290794513407
}